tileset_id	modified	type	name
probablefutures.1gjebk3l	2021-01-20	vector	heat-32-remo-data-part-1-9a5ed2
probablefutures.20101-east-temperature-gremo	2021-07-19	vector	20101 - East - Average temperature
probablefutures.20101-west-temperature-gremo	2021-07-20	vector	20101 - West - Average temperature
probablefutures.20104-high-low-east	2021-07-20	vector	20104-high-low - East
probablefutures.20104-high-low-east-gremo	2021-07-20	vector	20104-high-low - East
probablefutures.20303-east-heat-gremo	2021-04-07	vector	20303 - East - Days above 30C wetbulb
probablefutures.20303-west-heat-gremo	2021-04-07	vector	20303 - West - Days above 30C wetbulb
probablefutures.20901-east-v3	2023-06-13	vector	20901 - East -- global REMO -- v3
probablefutures.20901-west-v3	2023-06-13	vector	20901 - West -- global REMO -- v3
probablefutures.21005-east-temp-gremo	2021-03-26	vector	21005 - East - Days above 32 C
probablefutures.21005-west-temp-gremo	2021-03-25	vector	21005 - West - Days above 32 C
probablefutures.21011-temp-gremo-east	2021-03-26	vector	21011 - East - Freezing days
probablefutures.21011-temp-gremo-west	2021-03-25	vector	21011 - West - Freezing days
probablefutures.40101-east-v3-z	2023-06-21	vector	40101 - East -- global RCM RegCM-REMO ensemble -- v3-lower zoom
probablefutures.40101-west-v3-z	2023-06-21	vector	40101 - West -- global RCM RegCM-REMO ensemble -- v3-lower zoom
probablefutures.40505-east	2022-01-05	vector	40505 - East -- global RCM RegCM-REMO ensemble
probablefutures.40601-east-v3-1	2023-05-31	vector	40601 - East -- global RCM RegCM-REMO ensemble -- v3-1
probablefutures.40601-east-v4	2024-11-15	vector	40601 - East -- global RCM RegCM-REMO ensemble -- v4
probablefutures.40601-east-v5	2025-01-03	vector	40601 - East -- global RCM RegCM-REMO ensemble -- v5
probablefutures.40601-west-v3-1	2023-05-31	vector	40601 - West -- global RCM RegCM-REMO ensemble -- v3-1
probablefutures.40601-west-v4	2024-11-15	vector	40601 - West -- global RCM RegCM-REMO ensemble -- v4
probablefutures.40601-west-v5	2025-01-03	vector	40601 - West -- global RCM RegCM-REMO ensemble -- v5
probablefutures.40607-east-v3-1	2023-05-31	vector	40607 - East -- global RCM RegCM-REMO ensemble -- v3-1
probablefutures.40607-east-v4	2024-11-19	vector	40607 - East -- global RCM RegCM-REMO ensemble -- v4
probablefutures.40607-east-v5	2025-01-20	vector	40607 - East -- global RCM RegCM-REMO ensemble -- v5
probablefutures.40607-west-v3-1	2023-05-31	vector	40607 - West -- global RCM RegCM-REMO ensemble -- v3-1
probablefutures.40607-west-v4	2024-11-19	vector	40607 - West -- global RCM RegCM-REMO ensemble -- v4
probablefutures.40607-west-v5	2025-01-20	vector	40607 - West -- global RCM RegCM-REMO ensemble -- v5
probablefutures.40612-east-v4	2024-11-19	vector	40612 - East -- global RCM RegCM-REMO ensemble -- v4
probablefutures.40612-east-v5	2025-01-20	vector	40612 - East -- global RCM RegCM-REMO ensemble -- v5
probablefutures.40612-west-v4	2024-11-19	vector	40612 - West -- global RCM RegCM-REMO ensemble -- v4
probablefutures.40612-west-v5	2025-01-20	vector	40612 - West -- global RCM RegCM-REMO ensemble -- v5
probablefutures.40613-east-v4	2024-11-19	vector	40613 - East -- global RCM RegCM-REMO ensemble -- v4
probablefutures.40613-east-v5	2025-01-20	vector	40613 - East -- global RCM RegCM-REMO ensemble -- v5
probablefutures.40613-west-v4	2024-11-19	vector	40613 - West -- global RCM RegCM-REMO ensemble -- v4
probablefutures.40613-west-v5	2025-01-20	vector	40613 - West -- global RCM RegCM-REMO ensemble -- v5
probablefutures.40614-east-v3-1	2023-05-31	vector	40614 - East -- global RCM RegCM-REMO ensemble -- v3-1
probablefutures.40614-east-v4	2024-11-19	vector	40614 - East -- global RCM RegCM-REMO ensemble -- v4
probablefutures.40614-east-v5	2025-01-03	vector	40614 - East -- global RCM RegCM-REMO ensemble -- v5
probablefutures.40614-west-v3-1	2023-05-31	vector	40614 - West -- global RCM RegCM-REMO ensemble -- v3-1
probablefutures.40614-west-v4	2024-11-19	vector	40614 - West -- global RCM RegCM-REMO ensemble -- v4
probablefutures.40614-west-v5	2025-01-03	vector	40614 - West -- global RCM RegCM-REMO ensemble -- v5
probablefutures.40616-east-v3-1	2023-05-31	vector	40616 - East -- global RCM RegCM-REMO ensemble -- v3-1
probablefutures.40616-east-v4	2024-11-19	vector	40616 - East -- global RCM RegCM-REMO ensemble -- v4
probablefutures.40616-east-v5	2025-01-14	vector	40616 - East -- global RCM RegCM-REMO ensemble -- v5
probablefutures.40616-west-v3-1	2023-05-31	vector	40616 - West -- global RCM RegCM-REMO ensemble -- v3-1
probablefutures.40616-west-v4	2024-11-19	vector	40616 - West -- global RCM RegCM-REMO ensemble -- v4
probablefutures.40616-west-v5	2025-01-14	vector	40616 - West -- global RCM RegCM-REMO ensemble -- v5
probablefutures.40703-east-v4	2024-11-19	vector	40703 - East -- global RCM RegCM-REMO ensemble -- v4
probablefutures.40703-east-v5	2025-01-20	vector	40703 - East -- global RCM RegCM-REMO ensemble -- v5
probablefutures.40703-west-v4	2024-11-19	vector	40703 - West -- global RCM RegCM-REMO ensemble -- v4
probablefutures.40703-west-v5	2025-01-20	vector	40703 - West -- global RCM RegCM-REMO ensemble -- v5
probablefutures.40704-east-v4	2024-11-19	vector	40704 - East -- global RCM RegCM-REMO ensemble -- v4
probablefutures.40704-east-v5	2025-01-20	vector	40704 - East -- global RCM RegCM-REMO ensemble -- v5
probablefutures.40704-west-v4	2024-11-19	vector	40704 - West -- global RCM RegCM-REMO ensemble -- v4
probablefutures.40704-west-v5	2025-01-20	vector	40704 - West -- global RCM RegCM-REMO ensemble -- v5
probablefutures.7qhvw8s5	2021-01-20	vector	heat-32-remo-data-part-2-384ooo
probablefutures.99999-east-degrees-gremo	2021-06-21	vector	99999 - East - Test temperature
probablefutures.99999-west-degrees-gremo	2021-06-21	vector	99999 - West - Test temperature
probablefutures.baseline-east-temp-gremo	2021-03-26	vector	Baseline - East - Test Data
probablefutures.baseline-west-temp-gremo	2021-03-25	vector	Baseline - West - Test Data
probablefutures.heat-remo-32-mts	2021-01-19	vector	Heat Remo 32 MTS
probablefutures.heat-remo-32-mts-part-1	2021-01-20	vector	heat-remo-32-mts-part-1
probablefutures.heat-remo-32-mts-part-2	2021-01-22	vector	heat-remo-32-mts-part-2
probablefutures.heat-remo-32-mts-part-3	2021-01-19	vector	heat-remo-32-mts-part-3
probablefutures.heat-remo-32-mts-part-4	2021-01-19	vector	heat-remo-32-mts-part-4
